id_personal,nacionalidad,edad,genero
0,SALVADOREÑA,73,hombre
1,SALVADOREÑA,32,mujer
2,ITALIANA,69,mujer
3,ARGENTINA,27,mujer
4,SALVADOREÑA,42,mujer
5,GUYANESA,34,hombre
6,YUGOSLAVA,44,mujer
7,LIBIA,60,hombre
8,BIRMANA,89,mujer
9,GUINEA,19,hombre
10,TURCA,23,mujer
11,GAMBIANA,46,hombre
12,SINGAPORENSE,22,mujer
13,TANZANIANA,87,mujer
14,ESTADOUNIDENSE,91,hombre
15,AUSTRALIANA,99,hombre
16,ZAMBIANA,70,mujer
17,SOVIETICA UCRANIANA,69,hombre
18,SUDAFRICANA,68,hombre
19,ALEMANA,98,mujer
20,NIGERINA,54,mujer
21,AUSTRALIANA,68,mujer
22,ISRAELI,73,mujer
23,BURKINA FASO,38,hombre
24,TUNECINA,93,hombre
25,GUINEA,74,mujer
26,ZAMBIANA,41,mujer
27,INDONESA,31,mujer
28,KIRGUISTAN,26,hombre
29,ISRAELI,96,mujer
30,BHUTANESA,68,hombre
31,NAMIBIANA,35,hombre
32,LIBANESA,91,mujer
33,PORTUGUESA,47,hombre
34,GUINEA,67,mujer
35,BULGARA,26,mujer
36,RWANDESA,82,hombre
37,GABONESA,37,mujer
38,ESTONIA,68,hombre
39,GUINEA ECUATORIANA,16,mujer
40,TANZANIANA,40,hombre
41,OMANESA,59,hombre
42,ITALIANA,65,hombre
43,LITUANIA ,64,mujer
44,AUSTRIACA,28,mujer
45,CHIPRIOTA,76,hombre
46,COLOMBIANA,61,hombre
47,KENIANA,20,mujer
48,SURINAMENSE,65,mujer
49,HAITIANA,65,hombre
50,SWAZI,64,hombre
51,REINO UNIDO,51,hombre
52,NAMIBIANA,86,hombre
53,GUYANESA,55,hombre
54,BURUNDESA,21,mujer
55,SUIZA,18,hombre
56,ESTONIA,28,mujer
57,BOLIVIANA,71,hombre
58,DE SANTO TOME,54,mujer
59,TUNECINA,51,mujer
60,SAN MARINENSE,49,hombre
61,PAPUENSE,73,mujer
62,MALDIVA,29,hombre
63,AMERICANA,60,mujer
64,ZAMBIANA,14,hombre
65,GRANADINA,56,mujer
66,PAPUENSE,13,mujer
67,TRINITARIA,30,mujer
68,PARAGUAYA,54,hombre
69,DE SANTO TOME,22,hombre
70,SUIZA,30,hombre
71,TUNECINA,67,hombre
72,SINGAPORENSE,41,hombre
73,SIRIA,13,hombre
74,INDONESA,52,hombre
75,PARAGUAYA,94,hombre
76,MOZAMBIQUEÑA,23,mujer
77,PANAMEÑA,36,mujer
78,NICARAGUENSE,44,hombre
79,ZAIRANA,96,hombre
80,ZAIRANA,16,mujer
81,BURKINA FASO,39,hombre
82,SIERRA LEONESA,22,mujer
83,REINO UNIDO,74,hombre
84,CHILENA,94,mujer
85,SIERRA LEONESA,65,mujer
86,PORTUGUESA,21,hombre
87,NIGERINA,85,hombre
88,NAURUANA,57,mujer
89,JORDANA,92,mujer
90,MALDIVA,65,hombre
91,HINDU,77,mujer
92,AMERICANA,94,hombre
93,SWAZI,33,hombre
94,SAN MARINENSE,78,mujer
95,TOGOLESA,13,mujer
96,BELICEÑA,77,hombre
97,CONGOLESA,96,mujer
98,ARGELIANA,50,mujer
99,HONDUREÑA,81,hombre
100,ZAMBIANA,93,hombre
101,CHECOSLOVACA,24,mujer
102,BAHAMEÑA,99,mujer
103,LIBANESA,40,mujer
104,GRIEGA,20,hombre
105,MICRONECIA,46,mujer
106,PAPUENSE,86,mujer
107,MARFILEÑA,43,mujer
108,CANADIENSE,56,mujer
109,LITUANIA ,51,mujer
110,NEPALESA,53,mujer
111,AFGANA,52,hombre
112,DE BAHREIN,60,hombre
113,LIECHTENSTENSE,69,hombre
114,BIRMANA,96,mujer
115,URUGUAYA,86,hombre
116,KIRGUISTAN,37,mujer
117,SWAZI,44,mujer
118,BRITANICA,48,mujer
119,LIECHTENSTENSE,63,hombre
120,SIRIA,83,mujer
121,ALEMANA,63,hombre
122,ZAMBIANA,31,mujer
123,RUMANA,61,mujer
124,SUDANESA,12,mujer
125,BOLIVIANA,13,hombre
126,FRANCESA,32,hombre
127,REINO UNIDO,97,hombre
128,MARROQUI,22,mujer
129,MAURITANA,55,mujer
130,ZAIRANA,37,mujer
131,HOLANDESA,43,mujer
132,URUGUAYA,86,mujer
133,IRLANDESA,79,mujer
134,LIECHTENSTENSE,71,hombre
135,GABONESA,37,mujer
136,SINGAPORENSE,25,mujer
137,JAPONESA,89,mujer
138,PARAGUAYA,54,hombre
139,MONEGASCA,78,hombre
140,CANADIENSE,94,mujer
141,LIBANESA,84,hombre
142,NAURUANA,98,mujer
143,SUIZA,10,mujer
144,GUINEA ECUATORIANA,75,hombre
145,ETIOPE,48,hombre
146,URUGUAYA,21,hombre
147,BRITANICA,27,hombre
148,MEXICANA,62,hombre
149,FINLANDESA,74,mujer
150,DOMINICA,18,mujer
151,DANESA,75,mujer
152,CHINA,19,mujer
153,AFGANA,23,mujer
154,ALEMANA,44,hombre
155,HINDU,40,hombre
156,BOLIVIANA,20,hombre
157,GUINEA,67,mujer
158,MALDIVA,51,mujer
159,NORVIETNAMITA,49,mujer
160,SINGAPORENSE,94,hombre
161,SUECA,70,mujer
162,SIRIA,70,hombre
163,BOTSWANESA,84,mujer
164,NIGERIANA,22,mujer
165,NICARAGUENSE,50,hombre
166,MALDIVA,48,mujer
167,MEXICANA,61,mujer
168,REINO UNIDO,12,hombre
169,MALIENSE,86,mujer
170,MALASIA,53,hombre
171,GAMBIANA,65,hombre
172,LIBIA,73,hombre
173,ETIOPE,81,mujer
174,SUECA,67,hombre
175,ZAIRANA,52,hombre
176,AFGANA,58,mujer
177,TAILANDESA,93,mujer
178,CUBANA,90,hombre
179,MONEGASCA,82,mujer
180,NORCOREANA,60,mujer
181,SURINAMENSE,63,hombre
182,ESTONIA,19,mujer
183,ISRAELI,67,hombre
184,BHUTANESA,78,mujer
185,REINO UNIDO,80,mujer
186,MONGOLESA,66,mujer
187,ESPAÑOLA,28,hombre
188,RUMANA,56,hombre
189,MOZAMBIQUEÑA,49,mujer
190,SIERRA LEONESA,34,hombre
191,SOVIETICA UCRANIANA,26,hombre
192,HINDU,69,mujer
193,ZAMBIANA,12,mujer
194,TANZANIANA,68,mujer
195,DOMINICA,58,mujer
196,BRITANICA,75,mujer
197,PAKISTANI,64,mujer
198,ARGELIANA,65,hombre
199,CHINA,25,mujer
200,BRASILEÑA,13,mujer
201,OMANESA,74,hombre
202,BHUTANESA,51,mujer
203,BRASILEÑA,47,mujer
204,REINO UNIDO,81,hombre
205,MALDIVA,88,mujer
206,YEMENI,95,hombre
207,TAIWANESA,68,hombre
208,ARGENTINA,59,mujer
209,NICARAGUENSE,47,mujer
210,VATICANA,16,mujer
211,DE CABO VERDE,58,mujer
212,CHADIANA,57,hombre
213,DE BAHREIN,73,hombre
214,HAITIANA,33,hombre
215,ISLANDESA,83,mujer
216,CANADIENSE,39,mujer
217,RWANDESA,24,mujer
218,CANADIENSE,66,hombre
219,PAKISTANI,28,mujer
220,GRIEGA,69,mujer
221,DE BAHREIN,10,mujer
222,BELICEÑA,72,hombre
223,BELGA,23,hombre
224,LAOSIANA,16,hombre
225,GUINEA,12,hombre
226,MALASIA,52,hombre
227,CAMERUNESA,17,mujer
228,FRANCESA,73,hombre
229,ARGENTINA,16,mujer
230,AUSTRALIANA,94,mujer
231,ARGELIANA,89,mujer
232,ZAMBIANA,14,hombre
233,GUYANESA,73,hombre
234,NORCOREANA,44,mujer
235,DE ZIMBAWI,71,mujer
236,EGIPCIA,57,hombre
237,KENIANA,62,mujer
238,TRINITARIA,94,hombre
239,BHUTANESA,44,mujer
240,MAURICIANA,54,hombre
241,ARABE,35,mujer
242,SINGAPORENSE,12,mujer
243,BOTSWANESA,44,mujer
244,LIBANESA,85,hombre
245,GABONESA,59,mujer
246,REINO UNIDO(BRIT. DEL EXT.),18,mujer
247,RUMANA,50,hombre
248,BURUNDESA,15,hombre
249,GHANATA,20,hombre
250,SANTA LUCIENSE,87,hombre
251,JORDANA,30,mujer
252,ESLOVENIA,73,hombre
253,MAURICIANA,12,mujer
254,LESOTHENSE,20,mujer
255,MALDIVA,34,hombre
256,MALAWIANA,62,mujer
257,REINO UNIDO,91,hombre
258,NIGERINA,62,hombre
259,YEMENI,27,hombre
260,GUINEA,37,mujer
261,JAMAIQUINA,72,mujer
262,MOZAMBIQUEÑA,66,mujer
263,TURCA,74,mujer
264,IRAQUI,86,hombre
265,IRANI,69,hombre
266,GUINEA ECUATORIANA,92,mujer
267,PORTUGUESA,27,hombre
268,ALEMANA,28,mujer
269,IRLANDESA,22,mujer
270,SAMOANA,57,hombre
271,GUINEA,45,mujer
272,SAN MARINENSE,43,mujer
273,SUDANESA,16,mujer
274,PUERTORRIQUEÑA,51,mujer
275,AUSTRIACA,53,hombre
276,HUNGARA,23,mujer
277,HUNGARA,33,hombre
278,MALASIA,75,mujer
279,KUWAITI,71,mujer
280,DE ZIMBAWI,21,mujer
281,JAPONESA,49,mujer
282,SWAZI,40,hombre
283,AUSTRIACA,15,hombre
284,ARGELIANA,69,mujer
285,SAN MARINENSE,92,mujer
286,LAOSIANA,74,hombre
287,MARROQUI,81,hombre
288,NORVIETNAMITA,84,hombre
289,GUYANESA,99,hombre
290,MOLDOVIA,17,hombre
291,MONEGASCA,93,hombre
292,MOLDOVIA,16,hombre
293,SALOMONESA,33,mujer
294,CHECOSLOVACA,37,mujer
295,RUMANA,27,hombre
296,TAIWANESA,46,mujer
297,MALAWIANA,41,hombre
298,LAOSIANA,14,hombre
299,MALIENSE,36,hombre
300,LIBIA,39,hombre
301,DE BARBADOS,13,hombre
302,ISRAELI,50,mujer
303,GRANADINA,14,hombre
304,PORTUGUESA,57,hombre
305,HAITIANA,20,hombre
306,AUSTRALIANA,70,mujer
307,VENEZOLANA,76,mujer
308,MACEDONIA,59,mujer
309,LESOTHENSE,14,mujer
310,DE SEYCHELLES,93,mujer
311,MARFILEÑA,50,hombre
312,PORTUGUESA,46,mujer
313,NAMIBIANA,25,hombre
314,GUINEA,44,hombre
315,SALVADOREÑA,32,mujer
316,TOGOLESA,62,hombre
317,PARAGUAYA,59,hombre
318,FILIPINA,28,hombre
319,MALAWIANA,73,hombre
320,PAKISTANI,76,hombre
321,OMANESA,27,mujer
322,GRIEGA,67,hombre
323,CHILENA,19,mujer
324,BELGA,14,mujer
325,ESLOVACA,68,mujer
326,CHIPRIOTA,98,hombre
327,CUBANA,22,mujer
328,DE CABO VERDE,31,hombre
329,BURUNDESA,18,mujer
330,IRANI,17,mujer
331,RUMANA,97,mujer
332,KUWAITI,45,mujer
333,MOZAMBIQUEÑA,68,hombre
334,SOVIETICA UCRANIANA,43,mujer
335,SUDCOREANA,31,hombre
336,LIBANESA,33,mujer
337,EGIPCIA,72,hombre
338,MALTESA,37,hombre
339,SIERRA LEONESA,94,mujer
340,YUGOSLAVA,83,hombre
341,PAKISTANI,85,mujer
342,SUDCOREANA,68,mujer
343,GRIEGA,93,hombre
344,DOMINICA,54,mujer
345,COSTARRICENSE,41,hombre
346,NORVIETNAMITA,96,mujer
347,MACEDONIA,14,hombre
348,COMORENSE,57,mujer
349,BULGARA,21,hombre
350,ESLOVAQUIA,58,hombre
351,MOZAMBIQUEÑA,41,hombre
352,ESTADOUNIDENSE,23,mujer
353,BIRMANA,74,mujer
354,SENEGALESA,71,hombre
355,BULGARA,48,mujer
356,BOTSWANESA,67,mujer
357,MONGOLESA,25,hombre
358,GABONESA,29,mujer
359,SUECA,57,mujer
360,BAHAMEÑA,24,mujer
361,CHIPRIOTA,35,mujer
362,SURINAMENSE,21,mujer
363,REINO UNIDO,22,mujer
364,AUSTRIACA,40,hombre
365,NIGERINA,64,mujer
366,MALASIA,16,mujer
367,KUWAITI,40,mujer
368,BHUTANESA,83,hombre
369,TRINITARIA,27,hombre
370,REINO UNIDO,80,hombre
371,ARABE,75,hombre
372,SALOMONESA,79,mujer
373,MAURICIANA,61,mujer
374,EGIPCIA,94,hombre
375,ANGOLESA,80,mujer
376,ISRAELI,63,mujer
377,GHANATA,15,mujer
378,DE CABO VERDE,27,hombre
379,PARAGUAYA,23,mujer
380,ETIOPE,73,hombre
381,NAMIBIANA,48,hombre
382,HUNGARA,89,hombre
383,SOVIETICA UCRANIANA,79,hombre
384,ZAMBIANA,34,mujer
385,SURINAMENSE,34,hombre
386,NAMIBIANA,32,hombre
387,SWAZI,90,hombre
388,MALASIA,27,hombre
389,BOTSWANESA,21,mujer
390,HONDUREÑA,10,mujer
391,KIRGUISTAN,51,hombre
392,SURINAMENSE,12,hombre
393,MOLDOVIA,61,hombre
394,ISRAELI,10,hombre
395,COMORENSE,20,mujer
396,AUSTRALIANA,81,hombre
397,DEL QATAR,67,mujer
398,MARFILEÑA,98,mujer
399,BELGA,76,hombre
400,DE BENNIN,91,hombre
401,GRANADINA,13,mujer
402,HUNGARA,22,mujer
403,YUGOSLAVA,31,hombre
404,VENEZOLANA,72,mujer
405,COMORENSE,39,hombre
406,SUDANESA,66,mujer
407,ITALIANA,37,mujer
408,ALEMANA,81,hombre
409,CHINA,94,hombre
410,KUWAITI,69,hombre
411,BELICEÑA,34,mujer
412,YUGOSLAVA,57,mujer
413,FIJIANA,95,mujer
414,LIBERIANA,57,mujer
415,NIGERINA,70,hombre
416,ANGOLESA,46,hombre
417,NIGERIANA,11,hombre
418,DE BAHREIN,77,mujer
419,NEPALESA,98,mujer
420,HINDU,33,hombre
421,ESPAÑOLA,63,mujer
422,UGANDESA,93,mujer
423,BRASILEÑA,74,hombre
424,TAILANDESA,29,hombre
425,ESLOVACA,30,hombre
426,LAOSIANA,27,hombre
427,SALVADOREÑA,58,hombre
428,HINDU,76,mujer
429,MONEGASCA,34,hombre
430,SWAZI,29,mujer
431,HOLANDESA,78,hombre
432,DOMINICANA,55,hombre
433,ESPAÑOLA,36,mujer
434,CAMBOYANA,18,mujer
435,GUYANESA,49,mujer
436,LIBANESA,45,mujer
437,IRAQUI,61,hombre
438,ISLANDESA,35,mujer
439,DOMINICA,85,hombre
440,NICARAGUENSE,51,hombre
441,DE BAHREIN,19,mujer
442,SURINAMENSE,81,hombre
443,ITALIANA,28,mujer
444,SALVADOREÑA,19,mujer
445,SALVADOREÑA,34,mujer
446,ITALIANA,52,hombre
447,ARGENTINA,38,mujer
448,SALVADOREÑA,48,mujer
449,GUYANESA,44,mujer
450,YUGOSLAVA,23,hombre
451,LIBIA,57,mujer
452,BIRMANA,24,hombre
453,GUINEA,49,hombre
454,TURCA,57,hombre
455,GAMBIANA,45,mujer
456,SINGAPORENSE,18,mujer
457,TANZANIANA,20,mujer
458,ESTADOUNIDENSE,18,hombre
459,AUSTRALIANA,18,hombre
460,ZAMBIANA,50,mujer
461,SOVIETICA UCRANIANA,25,hombre
462,SUDAFRICANA,25,hombre
463,ALEMANA,58,hombre
464,NIGERINA,48,hombre
465,AUSTRALIANA,44,hombre
466,ISRAELI,60,mujer
467,BURKINA FASO,35,hombre
468,TUNECINA,41,mujer
469,GUINEA,46,mujer
470,ZAMBIANA,53,mujer
471,INDONESA,18,mujer
472,KIRGUISTAN,60,hombre
473,ISRAELI,24,mujer
474,BHUTANESA,24,hombre
475,NAMIBIANA,23,hombre
476,LIBANESA,60,hombre
477,PORTUGUESA,25,hombre
478,GUINEA,57,mujer
479,BULGARA,19,mujer
480,RWANDESA,29,mujer
481,GABONESA,20,mujer
482,ESTONIA,28,hombre
483,GUINEA ECUATORIANA,29,mujer
484,TANZANIANA,19,hombre
485,OMANESA,50,hombre
486,ITALIANA,19,mujer
487,LITUANIA ,30,hombre
488,AUSTRIACA,20,hombre
489,CHIPRIOTA,30,hombre
490,COLOMBIANA,50,hombre
491,KENIANA,23,mujer
492,SURINAMENSE,24,mujer
493,HAITIANA,56,hombre
494,SWAZI,29,hombre
495,REINO UNIDO,53,hombre
496,NAMIBIANA,28,mujer
497,GUYANESA,29,hombre
498,BURUNDESA,29,hombre
499,SUIZA,20,hombre
500,ESTONIA,47,mujer
501,BOLIVIANA,18,hombre
502,DE SANTO TOME,55,mujer
503,TUNECINA,48,mujer
504,SAN MARINENSE,18,hombre
505,PAPUENSE,31,mujer
506,MALDIVA,55,mujer
507,AMERICANA,38,mujer
508,ZAMBIANA,33,mujer
509,GRANADINA,53,mujer
510,PAPUENSE,46,mujer
511,TRINITARIA,49,mujer
512,PARAGUAYA,32,hombre
513,DE SANTO TOME,47,hombre
514,SUIZA,50,mujer
515,TUNECINA,54,mujer
516,SINGAPORENSE,45,mujer
517,SIRIA,48,mujer
518,INDONESA,49,mujer
519,PARAGUAYA,59,hombre
520,MOZAMBIQUEÑA,38,hombre
521,PANAMEÑA,22,hombre
522,NICARAGUENSE,24,hombre
523,ZAIRANA,34,hombre
524,ZAIRANA,36,hombre
525,BURKINA FASO,47,hombre
526,SIERRA LEONESA,33,hombre
527,REINO UNIDO,43,hombre
528,CHILENA,20,hombre
529,SIERRA LEONESA,50,mujer
530,PORTUGUESA,30,mujer
531,NIGERINA,47,mujer
532,NAURUANA,59,hombre
533,JORDANA,22,hombre
534,MALDIVA,56,mujer
535,HINDU,18,hombre
536,AMERICANA,54,mujer
537,SWAZI,29,hombre
538,SAN MARINENSE,58,hombre
539,TOGOLESA,57,hombre
540,BELICEÑA,53,mujer
541,CONGOLESA,55,mujer
542,ARGELIANA,39,mujer
543,HONDUREÑA,45,hombre
544,ZAMBIANA,48,mujer
545,CHECOSLOVACA,48,hombre
546,BAHAMEÑA,38,hombre
547,LIBANESA,53,hombre
548,GRIEGA,47,hombre
549,MICRONECIA,28,hombre
550,PAPUENSE,21,hombre
551,MARFILEÑA,44,mujer
552,CANADIENSE,25,mujer
553,LITUANIA ,27,hombre
554,NEPALESA,23,hombre
555,AFGANA,34,mujer
556,DE BAHREIN,19,hombre
557,LIECHTENSTENSE,34,hombre
558,BIRMANA,35,mujer
559,URUGUAYA,44,mujer
560,KIRGUISTAN,25,mujer
561,SWAZI,39,mujer
562,BRITANICA,23,hombre
563,LIECHTENSTENSE,28,hombre
564,SIRIA,49,mujer
565,ALEMANA,34,hombre
566,ZAMBIANA,31,mujer
567,RUMANA,56,hombre
568,SUDANESA,40,hombre
569,BOLIVIANA,59,hombre
570,FRANCESA,29,mujer
571,REINO UNIDO,18,hombre
572,MARROQUI,36,mujer
573,MAURITANA,41,mujer
574,ZAIRANA,28,mujer
575,HOLANDESA,21,mujer
576,URUGUAYA,37,hombre
577,IRLANDESA,42,hombre
578,LIECHTENSTENSE,50,mujer
579,GABONESA,38,hombre
580,SINGAPORENSE,52,hombre
581,JAPONESA,21,mujer
582,PARAGUAYA,35,mujer
583,MONEGASCA,56,mujer
584,CANADIENSE,27,hombre
585,LIBANESA,49,hombre
586,NAURUANA,48,mujer
587,SUIZA,21,mujer
588,GUINEA ECUATORIANA,26,hombre
589,ETIOPE,43,hombre
590,URUGUAYA,55,mujer
591,BRITANICA,22,hombre
592,MEXICANA,46,hombre
593,FINLANDESA,38,hombre
594,DOMINICA,35,mujer
595,DANESA,44,mujer
596,CHINA,20,mujer
597,AFGANA,59,mujer
598,ALEMANA,35,mujer
599,HINDU,23,mujer
600,BOLIVIANA,56,hombre
601,GUINEA,42,mujer
602,MALDIVA,23,mujer
603,NORVIETNAMITA,48,mujer
604,SINGAPORENSE,49,hombre
605,SUECA,32,mujer
606,SIRIA,18,mujer
607,BOTSWANESA,43,hombre
608,NIGERIANA,27,mujer
609,NICARAGUENSE,46,mujer
610,MALDIVA,29,hombre
611,MEXICANA,42,hombre
612,REINO UNIDO,18,mujer
613,MALIENSE,41,mujer
614,MALASIA,23,hombre
615,GAMBIANA,31,mujer
616,LIBIA,43,hombre
617,ETIOPE,40,hombre
618,SUECA,26,hombre
619,ZAIRANA,58,hombre
620,AFGANA,54,hombre
621,TAILANDESA,19,hombre
622,CUBANA,50,hombre
623,MONEGASCA,52,hombre
624,NORCOREANA,38,hombre
625,SURINAMENSE,36,hombre
626,ESTONIA,53,hombre
627,ISRAELI,39,hombre
628,BHUTANESA,53,hombre
629,REINO UNIDO,60,mujer
630,MONGOLESA,23,mujer
631,ESPAÑOLA,19,mujer
632,RUMANA,50,mujer
633,MOZAMBIQUEÑA,51,hombre
634,SIERRA LEONESA,55,mujer
635,SOVIETICA UCRANIANA,41,hombre
636,HINDU,44,hombre
637,ZAMBIANA,26,mujer
638,TANZANIANA,52,hombre
639,DOMINICA,57,mujer
640,BRITANICA,42,mujer
641,PAKISTANI,44,hombre
642,ARGELIANA,39,hombre
643,CHINA,60,mujer
644,BRASILEÑA,42,mujer
645,OMANESA,42,mujer
646,BHUTANESA,41,mujer
647,BRASILEÑA,53,hombre
648,REINO UNIDO,37,hombre
649,MALDIVA,21,hombre
650,YEMENI,43,hombre
651,TAIWANESA,44,mujer
652,ARGENTINA,57,hombre
653,NICARAGUENSE,50,mujer
654,VATICANA,40,mujer
655,DE CABO VERDE,42,hombre
656,CHADIANA,55,mujer
657,DE BAHREIN,38,hombre
658,HAITIANA,36,mujer
659,ISLANDESA,60,mujer
660,CANADIENSE,41,mujer
661,RWANDESA,27,hombre
662,CANADIENSE,49,mujer
663,PAKISTANI,28,mujer
664,GRIEGA,59,mujer
665,DE BAHREIN,58,hombre
666,BELICEÑA,27,mujer
667,BELGA,54,mujer
668,LAOSIANA,59,hombre
669,GUINEA,33,mujer
670,MALASIA,52,mujer
671,CAMERUNESA,51,hombre
672,FRANCESA,48,hombre
673,ARGENTINA,46,hombre
674,AUSTRALIANA,55,mujer
675,ARGELIANA,26,mujer
676,ZAMBIANA,39,hombre
677,GUYANESA,33,hombre
678,NORCOREANA,39,hombre
679,DE ZIMBAWI,18,mujer
680,EGIPCIA,52,mujer
681,KENIANA,23,hombre
682,TRINITARIA,43,hombre
683,BHUTANESA,59,mujer
684,MAURICIANA,40,mujer
685,ARABE,40,mujer
686,SINGAPORENSE,47,mujer
687,BOTSWANESA,43,mujer
688,LIBANESA,48,hombre
689,GABONESA,33,hombre
690,REINO UNIDO(BRIT. DEL EXT.),19,mujer
691,RUMANA,53,hombre
692,BURUNDESA,60,hombre
693,GHANATA,24,hombre
694,SANTA LUCIENSE,34,mujer
695,JORDANA,54,mujer
696,ESLOVENIA,33,hombre
697,MAURICIANA,25,mujer
698,LESOTHENSE,40,hombre
699,MALDIVA,53,mujer
700,MALAWIANA,31,mujer
701,REINO UNIDO,53,mujer
702,NIGERINA,43,mujer
703,YEMENI,41,mujer
704,GUINEA,49,mujer
705,JAMAIQUINA,41,hombre
706,MOZAMBIQUEÑA,22,mujer
707,TURCA,47,hombre
708,IRAQUI,56,mujer
709,IRANI,28,mujer
710,GUINEA ECUATORIANA,43,mujer
711,PORTUGUESA,36,hombre
712,ALEMANA,23,mujer
713,IRLANDESA,23,hombre
714,SAMOANA,39,mujer
715,GUINEA,55,hombre
716,SAN MARINENSE,20,mujer
717,SUDANESA,32,mujer
718,PUERTORRIQUEÑA,32,mujer
719,AUSTRIACA,43,mujer
720,HUNGARA,53,hombre
721,HUNGARA,34,hombre
722,MALASIA,41,mujer
723,KUWAITI,50,hombre
724,DE ZIMBAWI,24,mujer
725,JAPONESA,56,mujer
726,SWAZI,53,hombre
727,AUSTRIACA,36,hombre
728,ARGELIANA,44,mujer
729,SAN MARINENSE,29,mujer
730,LAOSIANA,28,hombre
731,MARROQUI,46,hombre
732,NORVIETNAMITA,18,hombre
733,GUYANESA,54,hombre
734,MOLDOVIA,29,mujer
735,MONEGASCA,50,hombre
736,MOLDOVIA,21,hombre
737,SALOMONESA,33,hombre
738,CHECOSLOVACA,58,mujer
739,RUMANA,26,mujer
740,TAIWANESA,38,hombre
741,MALAWIANA,48,hombre
742,LAOSIANA,43,hombre
743,MALIENSE,20,mujer
744,LIBIA,55,hombre
745,DE BARBADOS,20,hombre
746,ISRAELI,22,mujer
747,GRANADINA,55,hombre
748,PORTUGUESA,44,mujer
749,HAITIANA,32,mujer
750,AUSTRALIANA,23,hombre
751,VENEZOLANA,19,mujer
752,MACEDONIA,50,hombre
753,LESOTHENSE,44,mujer
754,DE SEYCHELLES,26,mujer
755,MARFILEÑA,32,mujer
756,PORTUGUESA,55,mujer
757,NAMIBIANA,51,mujer
758,GUINEA,35,mujer
759,SALVADOREÑA,20,hombre
760,TOGOLESA,25,mujer
761,PARAGUAYA,60,hombre
762,FILIPINA,35,mujer
763,MALAWIANA,49,hombre
764,PAKISTANI,28,hombre
765,OMANESA,50,hombre
766,GRIEGA,43,mujer
767,CHILENA,43,hombre
768,BELGA,21,hombre
769,ESLOVACA,24,hombre
770,CHIPRIOTA,39,hombre
771,CUBANA,53,mujer
772,DE CABO VERDE,48,mujer
773,BURUNDESA,58,mujer
774,IRANI,52,mujer
775,RUMANA,51,mujer
776,KUWAITI,27,hombre
777,MOZAMBIQUEÑA,51,hombre
778,SOVIETICA UCRANIANA,31,mujer
779,SUDCOREANA,42,hombre
780,LIBANESA,36,mujer
781,EGIPCIA,18,hombre
782,MALTESA,55,hombre
783,SIERRA LEONESA,49,mujer
784,YUGOSLAVA,47,hombre
785,PAKISTANI,38,mujer
786,SUDCOREANA,54,hombre
787,GRIEGA,32,hombre
788,DOMINICA,56,mujer
789,COSTARRICENSE,27,mujer
790,NORVIETNAMITA,27,mujer
791,MACEDONIA,27,hombre
792,COMORENSE,25,hombre
793,BULGARA,21,mujer
794,ESLOVAQUIA,55,hombre
795,MOZAMBIQUEÑA,23,hombre
796,ESTADOUNIDENSE,44,mujer
797,BIRMANA,27,mujer
798,SENEGALESA,27,mujer
799,BULGARA,50,hombre
800,BOTSWANESA,44,hombre
801,MONGOLESA,39,hombre
802,GABONESA,46,hombre
803,SUECA,59,mujer
804,BAHAMEÑA,41,mujer
805,CHIPRIOTA,45,hombre
806,SURINAMENSE,27,hombre
807,REINO UNIDO,23,mujer
808,AUSTRIACA,56,hombre
809,NIGERINA,49,mujer
810,MALASIA,48,mujer
811,KUWAITI,28,hombre
812,BHUTANESA,25,mujer
813,TRINITARIA,42,mujer
814,REINO UNIDO,38,mujer
815,ARABE,59,hombre
816,SALOMONESA,37,mujer
817,MAURICIANA,32,hombre
818,EGIPCIA,31,mujer
819,ANGOLESA,48,mujer
820,ISRAELI,47,hombre
821,GHANATA,37,hombre
822,DE CABO VERDE,23,mujer
823,PARAGUAYA,24,hombre
824,ETIOPE,60,mujer
825,NAMIBIANA,44,hombre
826,HUNGARA,20,hombre
827,SOVIETICA UCRANIANA,37,hombre
828,ZAMBIANA,60,mujer
829,SURINAMENSE,41,hombre
830,NAMIBIANA,38,mujer
831,SWAZI,54,mujer
832,MALASIA,23,hombre
833,BOTSWANESA,54,hombre
834,HONDUREÑA,26,mujer
835,KIRGUISTAN,59,hombre
836,SURINAMENSE,57,mujer
837,MOLDOVIA,42,mujer
838,ISRAELI,45,mujer
839,COMORENSE,27,hombre
840,AUSTRALIANA,58,hombre
841,DEL QATAR,45,hombre
842,MARFILEÑA,50,mujer
843,BELGA,53,mujer
844,DE BENNIN,28,mujer
845,GRANADINA,26,mujer
846,HUNGARA,47,mujer
847,YUGOSLAVA,53,mujer
848,VENEZOLANA,53,hombre
849,COMORENSE,27,mujer
850,SUDANESA,57,mujer
851,ITALIANA,50,hombre
852,ALEMANA,31,mujer
853,CHINA,21,mujer
854,KUWAITI,56,hombre
855,BELICEÑA,33,mujer
856,YUGOSLAVA,52,mujer
857,FIJIANA,47,hombre
858,LIBERIANA,28,mujer
859,NIGERINA,58,hombre
860,ANGOLESA,27,mujer
861,NIGERIANA,22,mujer
862,DE BAHREIN,42,mujer
863,NEPALESA,33,mujer
864,HINDU,21,mujer
865,ESPAÑOLA,57,mujer
866,UGANDESA,51,hombre
867,BRASILEÑA,36,mujer
868,TAILANDESA,39,hombre
869,ESLOVACA,41,hombre
870,LAOSIANA,40,hombre
871,SALVADOREÑA,55,mujer
872,HINDU,38,hombre
873,MONEGASCA,39,mujer
874,SWAZI,58,hombre
875,HOLANDESA,20,mujer
876,DOMINICANA,56,mujer
877,ESPAÑOLA,27,hombre
878,CAMBOYANA,23,hombre
879,GUYANESA,30,mujer
880,LIBANESA,52,mujer
881,IRAQUI,23,hombre
882,ISLANDESA,30,mujer
883,DOMINICA,22,hombre
884,NICARAGUENSE,57,hombre
885,DE BAHREIN,49,mujer
886,SURINAMENSE,52,hombre
887,ITALIANA,18,mujer
888,SALVADOREÑA,27,hombre
889,SALVADOREÑA,29,mujer
890,ITALIANA,36,hombre
891,ARGENTINA,57,hombre
892,SALVADOREÑA,41,mujer
893,GUYANESA,23,hombre
894,YUGOSLAVA,58,hombre
895,LIBIA,18,hombre
896,BIRMANA,44,mujer
897,GUINEA,37,mujer
898,TURCA,38,mujer
899,GAMBIANA,26,mujer
900,SINGAPORENSE,27,mujer
901,TANZANIANA,24,mujer
902,ESTADOUNIDENSE,31,mujer
903,AUSTRALIANA,38,mujer
904,ZAMBIANA,33,mujer
905,SOVIETICA UCRANIANA,19,mujer
906,SUDAFRICANA,35,hombre
907,ALEMANA,50,mujer
908,NIGERINA,45,hombre
909,AUSTRALIANA,53,mujer
910,ISRAELI,26,hombre
911,BURKINA FASO,34,hombre
912,TUNECINA,29,hombre
913,GUINEA,49,hombre
914,ZAMBIANA,40,hombre
915,INDONESA,42,hombre
916,KIRGUISTAN,39,mujer
917,ISRAELI,41,hombre
918,BHUTANESA,57,mujer
919,NAMIBIANA,37,mujer
920,LIBANESA,27,mujer
921,PORTUGUESA,43,mujer
922,GUINEA,30,mujer
923,BULGARA,33,mujer
924,RWANDESA,25,mujer
925,GABONESA,55,mujer
926,ESTONIA,51,hombre
927,GUINEA ECUATORIANA,29,hombre
928,TANZANIANA,32,hombre
929,OMANESA,26,mujer
930,ITALIANA,57,mujer
931,LITUANIA ,48,mujer
932,AUSTRIACA,22,hombre
933,CHIPRIOTA,22,hombre
934,COLOMBIANA,39,hombre
935,KENIANA,24,mujer
936,SURINAMENSE,49,mujer
937,HAITIANA,46,hombre
938,SWAZI,54,hombre
939,REINO UNIDO,49,mujer
940,NAMIBIANA,26,mujer
941,GUYANESA,33,hombre
942,BURUNDESA,56,mujer
943,SUIZA,21,mujer
944,ESTONIA,41,mujer
945,BOLIVIANA,30,hombre
946,DE SANTO TOME,40,hombre
947,TUNECINA,31,mujer
948,SAN MARINENSE,19,hombre
949,PAPUENSE,24,hombre
950,MALDIVA,28,mujer
951,AMERICANA,25,mujer
952,ZAMBIANA,45,hombre
953,GRANADINA,25,hombre
954,PAPUENSE,21,hombre
955,TRINITARIA,42,hombre
956,PARAGUAYA,35,hombre
957,DE SANTO TOME,18,hombre
958,SUIZA,46,hombre
959,TUNECINA,56,hombre
960,SINGAPORENSE,51,mujer
961,SIRIA,18,mujer
962,INDONESA,34,mujer
963,PARAGUAYA,57,mujer
964,MOZAMBIQUEÑA,19,hombre
965,PANAMEÑA,29,mujer
966,NICARAGUENSE,20,mujer
967,ZAIRANA,60,hombre
968,ZAIRANA,31,hombre
969,BURKINA FASO,31,mujer
970,SIERRA LEONESA,41,mujer
971,REINO UNIDO,45,mujer
972,CHILENA,55,mujer
973,SIERRA LEONESA,53,hombre
974,PORTUGUESA,23,hombre
975,NIGERINA,33,hombre
976,NAURUANA,44,hombre
977,JORDANA,43,mujer
978,MALDIVA,30,hombre
979,HINDU,37,mujer
980,AMERICANA,32,hombre
981,SWAZI,39,hombre
982,SAN MARINENSE,30,hombre
983,TOGOLESA,40,hombre
984,BELICEÑA,29,hombre
985,CONGOLESA,42,hombre
986,ARGELIANA,42,mujer
987,HONDUREÑA,19,mujer
988,ZAMBIANA,22,hombre
989,CHECOSLOVACA,42,mujer
990,BAHAMEÑA,48,hombre
991,LIBANESA,50,mujer
992,GRIEGA,19,mujer
993,MICRONECIA,42,mujer
994,PAPUENSE,31,mujer
995,MARFILEÑA,36,mujer
996,CANADIENSE,31,mujer
997,LITUANIA ,48,mujer
998,NEPALESA,41,hombre
999,AFGANA,39,mujer
1000,DE BAHREIN,43,hombre
1001,LIECHTENSTENSE,54,mujer
1002,BIRMANA,26,mujer
1003,URUGUAYA,56,hombre
1004,KIRGUISTAN,18,mujer
1005,SWAZI,56,mujer
1006,BRITANICA,18,mujer
1007,LIECHTENSTENSE,20,mujer
1008,SIRIA,53,hombre
1009,ALEMANA,51,mujer
1010,ZAMBIANA,35,mujer
1011,RUMANA,51,mujer
1012,SUDANESA,59,hombre
1013,BOLIVIANA,23,mujer
1014,FRANCESA,30,mujer
1015,REINO UNIDO,37,hombre
1016,MARROQUI,25,mujer
1017,MAURITANA,39,mujer
1018,ZAIRANA,54,mujer
1019,HOLANDESA,58,hombre
1020,URUGUAYA,36,mujer
1021,IRLANDESA,38,mujer
1022,LIECHTENSTENSE,55,mujer
1023,GABONESA,20,mujer
1024,SINGAPORENSE,54,hombre
1025,JAPONESA,28,mujer
1026,PARAGUAYA,24,hombre
1027,MONEGASCA,50,hombre
1028,CANADIENSE,26,hombre
1029,LIBANESA,18,hombre
1030,NAURUANA,54,hombre
1031,SUIZA,35,hombre
1032,GUINEA ECUATORIANA,59,hombre
1033,ETIOPE,56,hombre
1034,URUGUAYA,54,hombre
1035,BRITANICA,27,hombre
1036,MEXICANA,32,mujer
1037,FINLANDESA,59,mujer
1038,DOMINICA,49,mujer
1039,DANESA,39,mujer
1040,CHINA,46,mujer
1041,AFGANA,31,hombre
1042,ALEMANA,22,mujer
1043,HINDU,49,hombre
1044,BOLIVIANA,18,mujer
1045,GUINEA,60,mujer
1046,MALDIVA,35,mujer
1047,NORVIETNAMITA,52,hombre
1048,SINGAPORENSE,19,mujer
1049,SUECA,52,mujer
1050,SIRIA,18,hombre
1051,BOTSWANESA,53,mujer
1052,NIGERIANA,30,hombre
1053,NICARAGUENSE,49,hombre
1054,MALDIVA,28,hombre
1055,MEXICANA,22,hombre
1056,REINO UNIDO,37,mujer
1057,MALIENSE,37,hombre
1058,MALASIA,59,hombre
1059,GAMBIANA,59,mujer
1060,LIBIA,48,hombre
1061,ETIOPE,51,hombre
1062,SUECA,39,mujer
1063,ZAIRANA,58,mujer
1064,AFGANA,31,hombre
1065,TAILANDESA,24,hombre
1066,CUBANA,53,hombre
1067,MONEGASCA,56,mujer
1068,NORCOREANA,45,hombre
1069,SURINAMENSE,50,mujer
1070,ESTONIA,37,hombre
1071,ISRAELI,24,hombre
1072,BHUTANESA,40,mujer
1073,REINO UNIDO,38,mujer
1074,MONGOLESA,59,mujer
1075,ESPAÑOLA,42,mujer
1076,RUMANA,26,mujer
1077,MOZAMBIQUEÑA,44,hombre
1078,SIERRA LEONESA,46,mujer
1079,SOVIETICA UCRANIANA,21,hombre
1080,HINDU,19,mujer
1081,ZAMBIANA,28,hombre
1082,TANZANIANA,27,mujer
1083,DOMINICA,55,mujer
1084,BRITANICA,20,mujer
1085,PAKISTANI,52,mujer
1086,ARGELIANA,29,mujer
1087,CHINA,48,hombre
1088,BRASILEÑA,51,mujer
1089,OMANESA,32,hombre
1090,BHUTANESA,53,hombre
1091,BRASILEÑA,43,mujer
1092,REINO UNIDO,26,hombre
1093,MALDIVA,43,hombre
1094,YEMENI,33,mujer
1095,TAIWANESA,24,mujer
1096,ARGENTINA,60,mujer
1097,NICARAGUENSE,51,mujer
1098,VATICANA,24,hombre
1099,DE CABO VERDE,24,hombre
1100,CHADIANA,36,mujer
1101,DE BAHREIN,22,mujer
1102,HAITIANA,39,hombre
1103,ISLANDESA,48,hombre
1104,CANADIENSE,28,hombre
1105,RWANDESA,24,mujer
1106,CANADIENSE,49,mujer
1107,PAKISTANI,25,mujer
1108,GRIEGA,43,hombre
1109,DE BAHREIN,35,mujer
1110,BELICEÑA,46,hombre
1111,BELGA,56,hombre
1112,LAOSIANA,50,mujer
1113,GUINEA,33,mujer
1114,MALASIA,58,mujer
1115,CAMERUNESA,58,hombre
1116,FRANCESA,59,hombre
1117,ARGENTINA,46,hombre
1118,AUSTRALIANA,52,mujer
1119,ARGELIANA,33,hombre
1120,ZAMBIANA,34,hombre
1121,GUYANESA,30,mujer
1122,NORCOREANA,19,hombre
1123,DE ZIMBAWI,24,mujer
1124,EGIPCIA,59,mujer
1125,KENIANA,57,mujer
1126,TRINITARIA,49,mujer
1127,BHUTANESA,60,mujer
1128,MAURICIANA,54,mujer
1129,ARABE,58,hombre
1130,SINGAPORENSE,38,hombre
1131,BOTSWANESA,54,hombre
1132,LIBANESA,42,hombre
1133,GABONESA,51,hombre
1134,REINO UNIDO(BRIT. DEL EXT.),51,mujer
1135,RUMANA,21,mujer
1136,BURUNDESA,38,hombre
1137,GHANATA,31,mujer
1138,SANTA LUCIENSE,38,hombre
1139,JORDANA,30,hombre
1140,ESLOVENIA,50,hombre
1141,MAURICIANA,51,mujer
1142,LESOTHENSE,43,hombre
1143,MALDIVA,36,mujer
1144,MALAWIANA,30,hombre
1145,REINO UNIDO,33,hombre
1146,NIGERINA,48,hombre
1147,YEMENI,38,hombre
1148,GUINEA,57,mujer
1149,JAMAIQUINA,58,mujer
1150,MOZAMBIQUEÑA,34,mujer
1151,TURCA,49,hombre
1152,IRAQUI,49,mujer
1153,IRANI,54,mujer
1154,GUINEA ECUATORIANA,56,hombre
1155,PORTUGUESA,47,mujer
1156,ALEMANA,53,mujer
1157,IRLANDESA,41,hombre
1158,SAMOANA,32,mujer
1159,GUINEA,44,hombre
1160,SAN MARINENSE,41,mujer
1161,SUDANESA,38,mujer
1162,PUERTORRIQUEÑA,19,hombre
1163,AUSTRIACA,26,mujer
1164,HUNGARA,31,mujer
1165,HUNGARA,38,mujer
1166,MALASIA,39,hombre
1167,KUWAITI,33,hombre
1168,DE ZIMBAWI,27,mujer
1169,JAPONESA,28,hombre
1170,SWAZI,22,mujer
1171,AUSTRIACA,57,mujer
1172,ARGELIANA,23,hombre
1173,SAN MARINENSE,20,hombre
1174,LAOSIANA,30,mujer
1175,MARROQUI,44,hombre
1176,NORVIETNAMITA,24,mujer
1177,GUYANESA,46,mujer
1178,MOLDOVIA,55,hombre
1179,MONEGASCA,48,mujer
1180,MOLDOVIA,60,hombre
1181,SALOMONESA,39,mujer
1182,CHECOSLOVACA,54,mujer
1183,RUMANA,43,mujer
1184,TAIWANESA,57,mujer
1185,MALAWIANA,56,hombre
1186,LAOSIANA,59,hombre
1187,MALIENSE,33,hombre
1188,LIBIA,35,hombre
1189,DE BARBADOS,38,hombre
1190,ISRAELI,43,mujer
1191,GRANADINA,25,mujer
1192,PORTUGUESA,51,hombre
1193,HAITIANA,59,mujer
1194,AUSTRALIANA,25,mujer
1195,VENEZOLANA,20,mujer
1196,MACEDONIA,59,hombre
1197,LESOTHENSE,37,mujer
1198,DE SEYCHELLES,55,hombre
1199,MARFILEÑA,55,mujer
1200,PORTUGUESA,22,mujer
1201,NAMIBIANA,47,hombre
1202,GUINEA,37,mujer
1203,SALVADOREÑA,49,mujer
1204,TOGOLESA,26,hombre
1205,PARAGUAYA,22,hombre
1206,FILIPINA,27,mujer
1207,MALAWIANA,56,hombre
1208,PAKISTANI,36,hombre
1209,OMANESA,36,mujer
1210,GRIEGA,54,hombre
1211,CHILENA,18,hombre
1212,BELGA,58,hombre
1213,ESLOVACA,54,hombre
1214,CHIPRIOTA,49,mujer
1215,CUBANA,52,mujer
1216,DE CABO VERDE,41,mujer
1217,BURUNDESA,53,mujer
1218,IRANI,52,mujer
1219,RUMANA,42,mujer
1220,KUWAITI,55,hombre
1221,MOZAMBIQUEÑA,37,hombre
1222,SOVIETICA UCRANIANA,43,mujer
1223,SUDCOREANA,25,mujer
1224,LIBANESA,23,hombre
1225,EGIPCIA,27,mujer
1226,MALTESA,48,mujer
1227,SIERRA LEONESA,30,hombre
1228,YUGOSLAVA,28,mujer
1229,PAKISTANI,52,hombre
1230,SUDCOREANA,52,mujer
1231,GRIEGA,34,hombre
1232,DOMINICA,20,mujer
1233,COSTARRICENSE,42,hombre
1234,NORVIETNAMITA,34,mujer
1235,MACEDONIA,56,mujer
1236,COMORENSE,23,mujer
1237,BULGARA,50,mujer
1238,ESLOVAQUIA,44,hombre
1239,MOZAMBIQUEÑA,42,mujer
1240,ESTADOUNIDENSE,21,mujer
1241,BIRMANA,59,mujer
1242,SENEGALESA,23,hombre
1243,BULGARA,47,hombre
1244,BOTSWANESA,39,hombre
1245,MONGOLESA,34,hombre
1246,GABONESA,28,mujer
1247,SUECA,38,hombre
1248,BAHAMEÑA,58,hombre
1249,CHIPRIOTA,41,mujer
1250,SURINAMENSE,57,mujer
1251,REINO UNIDO,28,hombre
1252,AUSTRIACA,36,mujer
1253,NIGERINA,25,mujer
1254,MALASIA,18,hombre
1255,KUWAITI,52,hombre
1256,BHUTANESA,41,hombre
1257,TRINITARIA,18,mujer
1258,REINO UNIDO,42,hombre
1259,ARABE,27,mujer
1260,SALOMONESA,58,mujer
1261,MAURICIANA,33,mujer
1262,EGIPCIA,54,mujer
1263,ANGOLESA,21,mujer
1264,ISRAELI,19,mujer
1265,GHANATA,35,hombre
1266,DE CABO VERDE,59,mujer
1267,PARAGUAYA,52,hombre
1268,ETIOPE,20,hombre
1269,NAMIBIANA,55,hombre
1270,HUNGARA,32,mujer
1271,SOVIETICA UCRANIANA,20,mujer
1272,ZAMBIANA,22,mujer
1273,SURINAMENSE,24,hombre
1274,NAMIBIANA,32,mujer
1275,SWAZI,28,hombre
1276,MALASIA,43,hombre
1277,BOTSWANESA,25,hombre
1278,HONDUREÑA,53,hombre
1279,KIRGUISTAN,42,hombre
1280,SURINAMENSE,33,mujer
1281,MOLDOVIA,41,mujer
1282,ISRAELI,38,hombre
1283,COMORENSE,42,mujer
1284,AUSTRALIANA,51,mujer
1285,DEL QATAR,20,mujer
1286,MARFILEÑA,45,hombre
1287,BELGA,56,mujer
1288,DE BENNIN,48,mujer
1289,GRANADINA,45,hombre
1290,HUNGARA,19,hombre
1291,YUGOSLAVA,37,mujer
1292,VENEZOLANA,32,mujer
1293,COMORENSE,30,hombre
1294,SUDANESA,27,mujer
1295,ITALIANA,43,mujer
1296,ALEMANA,50,mujer
1297,CHINA,57,mujer
1298,KUWAITI,35,hombre
1299,BELICEÑA,47,hombre
1300,YUGOSLAVA,25,mujer
1301,FIJIANA,37,hombre
1302,LIBERIANA,42,mujer
1303,NIGERINA,43,mujer
1304,ANGOLESA,34,mujer
1305,NIGERIANA,51,hombre
1306,DE BAHREIN,51,mujer
1307,NEPALESA,41,hombre
1308,HINDU,59,mujer
1309,ESPAÑOLA,44,mujer
1310,UGANDESA,45,mujer
1311,BRASILEÑA,29,mujer
1312,TAILANDESA,33,mujer
1313,ESLOVACA,36,hombre
1314,LAOSIANA,59,hombre
1315,SALVADOREÑA,38,hombre
1316,HINDU,31,hombre
1317,MONEGASCA,38,mujer
1318,SWAZI,32,mujer
1319,HOLANDESA,24,hombre
1320,DOMINICANA,25,hombre
1321,ESPAÑOLA,53,hombre
1322,CAMBOYANA,35,hombre
1323,GUYANESA,53,mujer
1324,LIBANESA,38,mujer
1325,IRAQUI,29,mujer
1326,ISLANDESA,47,mujer
1327,DOMINICA,18,hombre
1328,NICARAGUENSE,45,hombre
1329,DE BAHREIN,40,mujer
1330,SURINAMENSE,59,mujer
1331,ITALIANA,22,mujer
1332,SALVADOREÑA,54,hombre
1333,SALVADOREÑA,23,hombre
1334,ITALIANA,36,hombre
1335,ARGENTINA,18,hombre
1336,SALVADOREÑA,23,hombre
1337,GUYANESA,47,hombre
1338,YUGOSLAVA,33,hombre
1339,LIBIA,59,hombre
1340,BIRMANA,58,hombre
1341,GUINEA,55,mujer
1342,TURCA,39,mujer
1343,GAMBIANA,37,hombre
1344,SINGAPORENSE,48,hombre
1345,TANZANIANA,55,mujer
1346,ESTADOUNIDENSE,36,mujer
1347,AUSTRALIANA,43,hombre
1348,ZAMBIANA,22,hombre
1349,SOVIETICA UCRANIANA,36,mujer
1350,SUDAFRICANA,36,mujer
1351,ALEMANA,26,mujer
1352,NIGERINA,57,hombre
1353,AUSTRALIANA,48,mujer
1354,ISRAELI,30,hombre
1355,BURKINA FASO,60,hombre
1356,TUNECINA,24,mujer
1357,GUINEA,33,mujer
1358,ZAMBIANA,52,hombre
1359,INDONESA,29,mujer
1360,KIRGUISTAN,18,hombre
1361,ISRAELI,58,mujer
1362,BHUTANESA,27,hombre
1363,NAMIBIANA,28,mujer
1364,LIBANESA,19,hombre
1365,PORTUGUESA,50,hombre
1366,GUINEA,49,mujer
1367,BULGARA,43,mujer
1368,RWANDESA,46,hombre
1369,GABONESA,50,hombre
1370,ESTONIA,46,hombre
1371,GUINEA ECUATORIANA,57,hombre
1372,TANZANIANA,35,hombre
1373,OMANESA,33,hombre
1374,ITALIANA,18,mujer
1375,LITUANIA ,33,mujer
1376,AUSTRIACA,42,hombre
1377,CHIPRIOTA,57,mujer
1378,COLOMBIANA,32,mujer
1379,KENIANA,54,mujer
1380,SURINAMENSE,25,hombre
1381,HAITIANA,55,mujer
1382,SWAZI,54,hombre
1383,REINO UNIDO,35,hombre
1384,NAMIBIANA,26,hombre
1385,GUYANESA,47,mujer
1386,BURUNDESA,55,mujer
1387,SUIZA,57,hombre
1388,ESTONIA,25,mujer
1389,BOLIVIANA,48,hombre
1390,DE SANTO TOME,38,hombre
1391,TUNECINA,19,hombre
1392,SAN MARINENSE,31,mujer
1393,PAPUENSE,49,hombre
1394,MALDIVA,25,hombre
1395,AMERICANA,29,hombre
1396,ZAMBIANA,20,mujer
1397,GRANADINA,25,mujer
1398,PAPUENSE,25,mujer
1399,TRINITARIA,32,hombre
1400,PARAGUAYA,29,hombre
1401,DE SANTO TOME,22,mujer
1402,SUIZA,36,hombre
1403,TUNECINA,60,hombre
1404,SINGAPORENSE,18,hombre
1405,SIRIA,25,mujer
1406,INDONESA,27,mujer
1407,PARAGUAYA,46,hombre
1408,MOZAMBIQUEÑA,54,hombre
1409,PANAMEÑA,54,hombre
1410,NICARAGUENSE,25,mujer
1411,ZAIRANA,47,mujer
1412,ZAIRANA,21,mujer
1413,BURKINA FASO,42,mujer
1414,SIERRA LEONESA,19,mujer
1415,REINO UNIDO,52,mujer
1416,CHILENA,36,mujer
1417,SIERRA LEONESA,42,mujer
1418,PORTUGUESA,49,mujer
1419,NIGERINA,42,hombre
1420,NAURUANA,58,hombre
1421,JORDANA,50,mujer
1422,MALDIVA,27,mujer
1423,HINDU,26,mujer
1424,AMERICANA,19,mujer
1425,SWAZI,46,hombre
1426,SAN MARINENSE,41,hombre
1427,TOGOLESA,57,mujer
1428,BELICEÑA,21,mujer
1429,CONGOLESA,41,hombre
1430,ARGELIANA,18,hombre
1431,HONDUREÑA,52,mujer
1432,ZAMBIANA,31,mujer
1433,CHECOSLOVACA,23,hombre
1434,BAHAMEÑA,42,mujer
1435,LIBANESA,36,hombre
1436,GRIEGA,53,hombre
1437,MICRONECIA,41,hombre
1438,PAPUENSE,33,hombre
1439,MARFILEÑA,33,hombre
1440,CANADIENSE,41,hombre
1441,LITUANIA ,30,hombre
1442,NEPALESA,35,hombre
1443,AFGANA,32,mujer
1444,DE BAHREIN,40,hombre
1445,LIECHTENSTENSE,23,hombre
1446,BIRMANA,42,hombre
1447,URUGUAYA,31,hombre
1448,KIRGUISTAN,36,mujer
1449,SWAZI,38,hombre
1450,BRITANICA,58,mujer
1451,LIECHTENSTENSE,19,hombre
1452,SIRIA,19,hombre
1453,ALEMANA,52,hombre
1454,ZAMBIANA,37,hombre
1455,RUMANA,55,hombre
1456,SUDANESA,25,mujer
1457,BOLIVIANA,38,mujer
1458,FRANCESA,26,hombre
1459,REINO UNIDO,31,mujer
1460,MARROQUI,18,mujer
1461,MAURITANA,33,hombre
1462,ZAIRANA,22,mujer
1463,HOLANDESA,56,hombre
1464,URUGUAYA,57,mujer
1465,IRLANDESA,39,hombre
1466,LIECHTENSTENSE,58,hombre
1467,GABONESA,60,hombre
1468,SINGAPORENSE,21,mujer
1469,JAPONESA,55,mujer
1470,PARAGUAYA,28,mujer
1471,MONEGASCA,38,mujer
1472,CANADIENSE,28,hombre
1473,LIBANESA,28,hombre
1474,NAURUANA,55,mujer
1475,SUIZA,22,mujer
1476,GUINEA ECUATORIANA,53,mujer
1477,ETIOPE,56,hombre
1478,URUGUAYA,18,hombre
1479,BRITANICA,29,hombre
1480,MEXICANA,23,mujer
1481,FINLANDESA,34,mujer
1482,DOMINICA,27,hombre
1483,DANESA,50,hombre
1484,CHINA,34,hombre
1485,AFGANA,21,hombre
1486,ALEMANA,19,mujer
1487,HINDU,54,hombre
1488,BOLIVIANA,22,hombre
1489,GUINEA,42,mujer
1490,MALDIVA,36,hombre
1491,NORVIETNAMITA,39,hombre
1492,SINGAPORENSE,60,mujer
1493,SUECA,27,hombre
1494,SIRIA,54,mujer
1495,BOTSWANESA,20,mujer
1496,NIGERIANA,33,mujer
1497,NICARAGUENSE,48,hombre
1498,MALDIVA,45,mujer
1499,MEXICANA,26,mujer
1500,REINO UNIDO,19,hombre
1501,MALIENSE,45,hombre
1502,MALASIA,23,hombre
1503,GAMBIANA,21,hombre
1504,LIBIA,39,mujer
1505,ETIOPE,26,hombre
1506,SUECA,30,hombre
1507,ZAIRANA,31,hombre
1508,AFGANA,21,mujer
1509,TAILANDESA,23,mujer
1510,CUBANA,57,hombre
1511,MONEGASCA,49,mujer
1512,NORCOREANA,49,hombre
1513,SURINAMENSE,20,mujer
1514,ESTONIA,21,mujer
1515,ISRAELI,39,mujer
1516,BHUTANESA,57,mujer
1517,REINO UNIDO,36,mujer
1518,MONGOLESA,40,hombre
1519,ESPAÑOLA,24,hombre
1520,RUMANA,33,hombre
1521,MOZAMBIQUEÑA,23,hombre
1522,SIERRA LEONESA,23,mujer
1523,SOVIETICA UCRANIANA,49,mujer
1524,HINDU,54,hombre
1525,ZAMBIANA,26,mujer
1526,TANZANIANA,49,mujer
1527,DOMINICA,57,mujer
1528,BRITANICA,22,mujer
1529,PAKISTANI,50,mujer
1530,ARGELIANA,34,hombre
1531,CHINA,56,mujer
1532,BRASILEÑA,30,mujer
1533,OMANESA,47,mujer
1534,BHUTANESA,54,mujer
1535,BRASILEÑA,46,hombre
1536,REINO UNIDO,24,mujer
1537,MALDIVA,22,hombre
1538,YEMENI,26,mujer
1539,TAIWANESA,46,mujer
1540,ARGENTINA,57,hombre
1541,NICARAGUENSE,55,hombre
1542,VATICANA,49,hombre
1543,DE CABO VERDE,59,hombre
1544,CHADIANA,45,mujer
1545,DE BAHREIN,22,hombre
1546,HAITIANA,43,mujer
1547,ISLANDESA,32,mujer
1548,CANADIENSE,49,mujer
1549,RWANDESA,25,mujer
1550,CANADIENSE,34,hombre
1551,PAKISTANI,30,hombre
1552,GRIEGA,25,mujer
1553,DE BAHREIN,57,mujer
1554,BELICEÑA,27,mujer
1555,BELGA,60,hombre
1556,LAOSIANA,19,hombre
1557,GUINEA,50,hombre
1558,MALASIA,49,mujer
1559,CAMERUNESA,34,mujer
1560,FRANCESA,50,hombre
1561,ARGENTINA,40,mujer
1562,AUSTRALIANA,39,mujer
1563,ARGELIANA,29,hombre
1564,ZAMBIANA,39,hombre
1565,GUYANESA,48,hombre
1566,NORCOREANA,37,mujer
1567,DE ZIMBAWI,22,hombre
1568,EGIPCIA,18,mujer
1569,KENIANA,32,mujer
1570,TRINITARIA,27,hombre
1571,BHUTANESA,29,mujer
1572,MAURICIANA,39,hombre
1573,ARABE,57,hombre
1574,SINGAPORENSE,57,hombre
1575,BOTSWANESA,52,hombre
1576,LIBANESA,43,hombre
1577,GABONESA,40,hombre
1578,REINO UNIDO(BRIT. DEL EXT.),40,hombre
1579,RUMANA,60,mujer
1580,BURUNDESA,52,mujer
1581,GHANATA,26,mujer
1582,SANTA LUCIENSE,30,mujer
1583,JORDANA,18,hombre
1584,ESLOVENIA,44,hombre
1585,MAURICIANA,24,hombre
1586,LESOTHENSE,37,hombre
1587,MALDIVA,27,hombre
1588,MALAWIANA,36,mujer
1589,REINO UNIDO,48,hombre
1590,NIGERINA,47,hombre
1591,YEMENI,60,hombre
1592,GUINEA,43,mujer
1593,JAMAIQUINA,36,mujer
1594,MOZAMBIQUEÑA,58,hombre
1595,TURCA,43,hombre
1596,IRAQUI,26,mujer
1597,IRANI,42,mujer
1598,GUINEA ECUATORIANA,22,hombre
1599,PORTUGUESA,26,hombre
1600,ALEMANA,38,mujer
1601,IRLANDESA,26,hombre
1602,SAMOANA,53,mujer
1603,GUINEA,25,mujer
1604,SAN MARINENSE,29,mujer
1605,SUDANESA,26,mujer
1606,PUERTORRIQUEÑA,41,mujer
1607,AUSTRIACA,26,hombre
1608,HUNGARA,33,hombre
1609,HUNGARA,60,mujer
1610,MALASIA,21,hombre
1611,KUWAITI,31,hombre
1612,DE ZIMBAWI,29,mujer
1613,JAPONESA,22,hombre
1614,SWAZI,24,hombre
1615,AUSTRIACA,31,hombre
1616,ARGELIANA,33,mujer
1617,SAN MARINENSE,51,hombre
1618,LAOSIANA,30,mujer
1619,MARROQUI,44,hombre
1620,NORVIETNAMITA,54,mujer
1621,GUYANESA,22,hombre
1622,MOLDOVIA,43,mujer
1623,MONEGASCA,25,hombre
1624,MOLDOVIA,48,mujer
1625,SALOMONESA,46,mujer
1626,CHECOSLOVACA,30,hombre
1627,RUMANA,22,mujer
1628,TAIWANESA,45,hombre
1629,MALAWIANA,41,hombre
1630,LAOSIANA,54,mujer
1631,MALIENSE,30,mujer
1632,LIBIA,59,hombre
1633,DE BARBADOS,38,mujer
1634,ISRAELI,60,hombre
1635,GRANADINA,40,mujer
1636,PORTUGUESA,33,mujer
1637,HAITIANA,29,mujer
1638,AUSTRALIANA,37,hombre
1639,VENEZOLANA,56,hombre
1640,MACEDONIA,41,hombre
1641,LESOTHENSE,38,hombre
1642,DE SEYCHELLES,52,hombre
